{
  "version": "0",
  "id": "fe8d3c65-xmpl-c5c3-2c87-81584709a377",
  "detail-type": "order.updated",
  "source": "restaurant",
  "account": "123456789012",
  "time": "2020-04-28T07:20:20Z",
  "region": "us-east-2",
  "resources": [
    "arn:aws:rds:us-east-2:123456789012:db:rdz6xmpliljlb1"
  ],
  "detail": {
    "orderId": "2",
    "userId": "5c2db7f0-a714-4ca1-84ad-430cac333ab6",
    "totalAmount": "150",
    "Status": "IN-PROCESS",
    "timestamp": "2023-04-05T21:45:21.300436",
    "OrderTime": "10",
    "restaurantId": "dunkin99",
    "OrderItems": [
      "Chicken Sharma",
      "Fries"
    ]
  }
}