{
    "Records": [
        {
            "messageId": "059f36b4-87a3-44ab-83d2-661975830a7d",
            "receiptHandle": "AQEBwJnKyrHigUMZj6rYigCgxlaS3SLy0a...",
            "body": "99989900",
            "attributes": {
                "ApproximateReceiveCount": "1",
                "SentTimestamp": "1545082649183",
                "SenderId": "AIDAIENQZJOLO23YVJ4VO",
                "ApproximateFirstReceiveTimestamp": "1545082649185"
            },
            "messageAttributes": {
                "UserId":
                 {
                    "stringValue": "788993909",
                    "stringListValues": [],
                    "binaryListValues": [],
                    "dataType": "String"
                    },
                "CommandName":
                 {
                    "stringValue": "DeleteFavorite",
                    "stringListValues": [],
                    "binaryListValues": [],
                    "dataType": "String"
                }
            },
            "md5OfBody": "e4e68fb7bd0e697a0ae8f1bb342846b3",
            "eventSource": "aws:sqs",
            "eventSourceARN": "arn:aws:sqs:us-east-1:123456789012:my-queue",
            "awsRegion": "us-east-1"
        }
    ]
}